950b38,127.0.0.1,GET,http://cmsyouness/,1476181119,,200
cbdde8,127.0.0.1,GET,http://cmsyouness/,1476181136,,200
3384fb,127.0.0.1,GET,http://cmsyouness/,1476181139,,200
8fe743,127.0.0.1,GET,http://cmsyouness/,1476181141,,200
ccab95,127.0.0.1,GET,http://cmsyouness/article/4,1476181151,,200
b346a1,127.0.0.1,GET,http://cmsyouness/logout,1476181159,,302
ea74f0,127.0.0.1,GET,http://cmsyouness/,1476181159,,200
838871,127.0.0.1,GET,http://cmsyouness/,1476181226,,200
76b360,127.0.0.1,GET,http://cmsyouness/article/1,1476181310,,200
db5b5d,127.0.0.1,GET,http://cmsyouness/dummy,1476181316,,404
ae3c5f,127.0.0.1,GET,http://cmsyouness/dummy,1476181756,,404
915aff,127.0.0.1,GET,http://cmsyouness/images/404-ghost.png,1476181757,,404
67298f,127.0.0.1,GET,http://cmsyouness/admin,1476181767,,302
9fcbc6,127.0.0.1,GET,http://cmsyouness/login,1476181767,,200
be3c58,127.0.0.1,GET,http://cmsyouness/logdd,1476181773,,404
5c7004,127.0.0.1,GET,http://cmsyouness/images/404-ghost.png,1476181773,,404
531cdd,127.0.0.1,GET,http://cmsyouness/logdd,1476186109,,404
e859f0,127.0.0.1,GET,http://cmsyouness/,1476186163,,200
96756a,127.0.0.1,GET,http://cmsyouness/login,1476186166,,200
e42b25,127.0.0.1,POST,http://cmsyouness/login_check,1476186172,,302
e1d472,127.0.0.1,GET,http://cmsyouness/,1476186172,,200
9e1814,127.0.0.1,GET,http://cmsyouness/admin,1476186175,,200
509122,127.0.0.1,GET,http://cmsyouness/logout,1476186190,,302
62738d,127.0.0.1,GET,http://cmsyouness/,1476186190,,200
43d585,127.0.0.1,GET,http://cmsyouness/login,1476186193,,200
043cd8,127.0.0.1,POST,http://cmsyouness/login_check,1476186202,,302
aabb39,127.0.0.1,GET,http://cmsyouness/,1476186202,,200
b16485,127.0.0.1,GET,http://cmsyouness/article/4,1476186206,,200
478581,127.0.0.1,POST,http://cmsyouness/article/4,1476186218,,200
6b894d,127.0.0.1,GET,http://cmsyouness/,1476186249,,200
c06f24,127.0.0.1,GET,http://cmsyouness/article/4,1476186307,,200
5da782,127.0.0.1,GET,http://cmsyouness/api,1476186458,,404
923f43,127.0.0.1,GET,http://cmsyouness/api/article,1476186472,,404
26ac3e,127.0.0.1,GET,http://cmsyouness/api/articles,1476186475,,200
a25788,127.0.0.1,GET,http://cmsyouness/,1476186617,,200
f6702b,127.0.0.1,GET,http://cmsyouness/favicon.ico,1476186617,,404
3a46c3,127.0.0.1,GET,http://cmsyouness/article/4,1476186620,,200
8f7355,127.0.0.1,GET,http://cmsyouness/,1476186866,,200
9797ad,127.0.0.1,GET,http://cmsyouness/article/4,1476186869,,200
cdef6d,127.0.0.1,GET,http://cmsyouness/logout,1476186872,,302
fe5185,127.0.0.1,GET,http://cmsyouness/,1476186872,,200
e00bd1,127.0.0.1,GET,http://cmsyouness/login,1476186878,,200
b92fb2,127.0.0.1,POST,http://cmsyouness/login_check,1476186884,,302
5a1d8f,127.0.0.1,GET,http://cmsyouness/,1476186884,,200
5b9bfb,127.0.0.1,GET,http://localhost/,1476187201,,200
033ef1,127.0.0.1,GET,http://localhost/article/1,1476187201,,200
e9f0c3,127.0.0.1,GET,http://localhost/login,1476187201,,200
e5cc12,127.0.0.1,GET,http://localhost/admin,1476187201,,200
753a92,127.0.0.1,GET,http://localhost/admin/article/add,1476187201,,200
21e7a7,127.0.0.1,GET,http://localhost/admin/article/1/edit,1476187201,,200
6626d3,127.0.0.1,GET,http://localhost/admin/comment/3/edit,1476187202,,200
d63630,127.0.0.1,GET,http://localhost/admin/user/add,1476187202,,200
ce50c2,127.0.0.1,GET,http://localhost/admin/user/1/edit,1476187202,,200
d05f93,127.0.0.1,GET,http://localhost/api/articles,1476187202,,200
67164f,127.0.0.1,GET,http://localhost/api/article/1,1476187202,,200
ce296c,127.0.0.1,GET,http://localhost/,1476187846,,200
09758b,127.0.0.1,GET,http://localhost/article/1,1476187846,,200
83f875,127.0.0.1,GET,http://localhost/login,1476187846,,200
25289b,127.0.0.1,GET,http://localhost/admin,1476187846,,200
59359c,127.0.0.1,GET,http://localhost/admin/article/add,1476187846,,200
d08d9f,127.0.0.1,GET,http://localhost/admin/article/1/edit,1476187846,,200
5f0019,127.0.0.1,GET,http://localhost/admin/comment/3/edit,1476187846,,200
725f34,127.0.0.1,GET,http://localhost/admin/user/add,1476187846,,200
1a1bf1,127.0.0.1,GET,http://localhost/admin/user/1/edit,1476187846,,200
ecc71b,127.0.0.1,GET,http://localhost/,1476187895,,200
bb8ea1,127.0.0.1,GET,http://localhost/article/1,1476187896,,200
e237f2,127.0.0.1,GET,http://localhost/login,1476187896,,200
3e620b,127.0.0.1,GET,http://localhost/admin,1476187896,,200
8bb8c2,127.0.0.1,GET,http://localhost/admin/article/add,1476187896,,200
bfaf17,127.0.0.1,GET,http://localhost/admin/article/1/edit,1476187896,,200
05b1eb,127.0.0.1,GET,http://localhost/admin/comment/3/edit,1476187896,,200
b72446,127.0.0.1,GET,http://localhost/admin/user/add,1476187896,,200
7d8257,127.0.0.1,GET,http://localhost/admin/user/1/edit,1476187896,,200
29a14b,127.0.0.1,GET,http://localhost/,1476187953,,200
ac58c5,127.0.0.1,GET,http://localhost/article/1,1476187953,,200
6f4b4e,127.0.0.1,GET,http://localhost/login,1476187953,,200
049055,127.0.0.1,GET,http://localhost/admin,1476187953,,200
921217,127.0.0.1,GET,http://localhost/admin/article/add,1476187953,,200
0f9d62,127.0.0.1,GET,http://localhost/admin/article/1/edit,1476187953,,200
fc6d98,127.0.0.1,GET,http://localhost/admin/comment/3/edit,1476187953,,200
cfd2d7,127.0.0.1,GET,http://localhost/admin/user/add,1476187953,,200
cd70c5,127.0.0.1,GET,http://localhost/admin/user/1/edit,1476187953,,200
a06758,127.0.0.1,GET,http://localhost/,1476188010,,200
5cd23a,127.0.0.1,GET,http://localhost/article/1,1476188010,,200
1fe724,127.0.0.1,GET,http://localhost/login,1476188010,,200
df7cea,127.0.0.1,GET,http://localhost/admin,1476188010,,200
f959a6,127.0.0.1,GET,http://localhost/admin/article/add,1476188010,,200
4d5f9c,127.0.0.1,GET,http://localhost/admin/article/1/edit,1476188010,,200
a04e8b,127.0.0.1,GET,http://localhost/admin/comment/3/edit,1476188010,,200
7e0b74,127.0.0.1,GET,http://localhost/admin/user/add,1476188010,,200
619772,127.0.0.1,GET,http://localhost/admin/user/1/edit,1476188010,,200
602c9f,127.0.0.1,GET,http://localhost/api/articles,1476188010,,200
90ef18,127.0.0.1,GET,http://localhost/api/article/1,1476188010,,200
f519e7,127.0.0.1,GET,http://cmsyouness/,1476188204,,200
942532,127.0.0.1,GET,http://cmsyouness/article/4,1476188209,,200
749864,127.0.0.1,GET,http://cmsyouness/article/4,1476188240,,200
9b4e08,127.0.0.1,GET,http://cmsyouness/article/4,1476188317,,200
b0a161,127.0.0.1,GET,http://cmsyouness/article/4,1476188416,,200
d690ec,127.0.0.1,GET,http://cmsyouness/article/4,1476188463,,200
4fd5b5,127.0.0.1,GET,http://cmsyouness/,1476188490,,200
10e303,127.0.0.1,GET,http://cmsyouness/,1476188528,,200
7c3131,127.0.0.1,GET,http://cmsyouness/,1476188569,,200
efb459,127.0.0.1,GET,http://cmsyouness/,1476188585,,200
4523be,127.0.0.1,GET,http://cmsyouness/,1476188614,,200
c84360,127.0.0.1,GET,http://cmsyouness/,1476188681,,200
ba6c27,127.0.0.1,GET,http://cmsyouness/,1476188714,,200
c41d7c,127.0.0.1,GET,http://cmsyouness/,1476188725,,200
d0a643,127.0.0.1,GET,http://cmsyouness/admin,1476188809,,200
5f2941,127.0.0.1,GET,http://cmsyouness/admin,1476188812,,200
3931df,127.0.0.1,GET,http://cmsyouness/,1476188817,,200
d4bccf,127.0.0.1,GET,http://cmsyouness/,1476188820,,200
3ee7ef,127.0.0.1,GET,http://localhost/,1476264461,,200
d8c2e9,127.0.0.1,GET,http://localhost/article/1,1476264461,,200
e9424d,127.0.0.1,GET,http://localhost/login,1476264462,,200
5abe04,127.0.0.1,GET,http://localhost/admin,1476264462,,200
0ccfc3,127.0.0.1,GET,http://localhost/admin/article/add,1476264462,,200
35fa10,127.0.0.1,GET,http://localhost/admin/article/1/edit,1476264462,,500
1aa690,127.0.0.1,GET,http://localhost/admin/comment/3/edit,1476264462,,200
f24494,127.0.0.1,GET,http://localhost/admin/user/add,1476264462,,200
548d38,127.0.0.1,GET,http://localhost/admin/user/1/edit,1476264462,,200
1bb34a,127.0.0.1,GET,http://localhost/api/articles,1476264462,,200
1de5ad,127.0.0.1,GET,http://localhost/api/article/1,1476264462,,200
14a1eb,127.0.0.1,GET,http://localhost/,1476267615,,200
5ff8a7,127.0.0.1,GET,http://localhost/article/1,1476267615,,200
b6bcc3,127.0.0.1,GET,http://localhost/login,1476267615,,200
260ff8,127.0.0.1,GET,http://localhost/admin,1476267615,,200
dd9788,127.0.0.1,GET,http://localhost/admin/article/add,1476267616,,200
fe2852,127.0.0.1,GET,http://localhost/admin/article/1/edit,1476267616,,500
8a3ac3,127.0.0.1,GET,http://localhost/admin/comment/3/edit,1476267616,,200
d1d354,127.0.0.1,GET,http://localhost/admin/user/add,1476267616,,200
9bdbab,127.0.0.1,GET,http://localhost/admin/user/1/edit,1476267616,,200
c93956,127.0.0.1,GET,http://localhost/api/articles,1476267616,,200
28b982,127.0.0.1,GET,http://localhost/api/article/1,1476267616,,200
fd9124,127.0.0.1,GET,http://localhost/,1476267767,,200
e6517b,127.0.0.1,GET,http://localhost/article/1,1476267767,,200
f6aae2,127.0.0.1,GET,http://localhost/login,1476267767,,200
39c967,127.0.0.1,GET,http://localhost/admin,1476267767,,200
e089fe,127.0.0.1,GET,http://localhost/admin/article/add,1476267767,,200
5d3ed8,127.0.0.1,GET,http://localhost/admin/article/1/edit,1476267767,,500
4407fc,127.0.0.1,GET,http://localhost/admin/comment/3/edit,1476267767,,200
159470,127.0.0.1,GET,http://localhost/admin/user/add,1476267767,,200
a41796,127.0.0.1,GET,http://localhost/api/articles,1476267767,,200
bab8f4,127.0.0.1,GET,http://localhost/api/article/1,1476267767,,200
ee3b56,127.0.0.1,GET,http://localhost/,1476267782,,200
f49fb1,127.0.0.1,GET,http://localhost/article/1,1476267782,,200
43d6c4,127.0.0.1,GET,http://localhost/login,1476267782,,200
8d1134,127.0.0.1,GET,http://localhost/admin,1476267782,,200
e8b2b8,127.0.0.1,GET,http://localhost/admin/article/add,1476267782,,200
599f6a,127.0.0.1,GET,http://localhost/admin/article/1/edit,1476267782,,500
3723d9,127.0.0.1,GET,http://localhost/admin/comment/3/edit,1476267782,,200
6d2913,127.0.0.1,GET,http://localhost/admin/user/add,1476267782,,200
388fe6,127.0.0.1,GET,http://localhost/admin/user/1/edit,1476267782,,200
80a07b,127.0.0.1,GET,http://localhost/api/articles,1476267782,,200
8a4a38,127.0.0.1,GET,http://localhost/api/article/1,1476267782,,200
ae7ecc,127.0.0.1,GET,http://localhost/,1476267784,,200
8a614e,127.0.0.1,GET,http://localhost/article/1,1476267784,,200
f2c56a,127.0.0.1,GET,http://localhost/login,1476267784,,200
815926,127.0.0.1,GET,http://localhost/admin,1476267784,,200
e0df0a,127.0.0.1,GET,http://localhost/admin/article/add,1476267784,,200
121325,127.0.0.1,GET,http://localhost/admin/article/1/edit,1476267784,,500
855486,127.0.0.1,GET,http://localhost/admin/comment/3/edit,1476267784,,200
e9d00f,127.0.0.1,GET,http://localhost/admin/user/add,1476267784,,200
7159b8,127.0.0.1,GET,http://localhost/admin/user/1/edit,1476267785,,200
e4d9ae,127.0.0.1,GET,http://localhost/api/articles,1476267785,,200
2e5962,127.0.0.1,GET,http://localhost/api/article/1,1476267785,,200
ab287e,127.0.0.1,GET,http://localhost/,1476267786,,200
ba882b,127.0.0.1,GET,http://localhost/article/1,1476267786,,200
b138fa,127.0.0.1,GET,http://localhost/admin,1476267786,,200
36118d,127.0.0.1,GET,http://localhost/admin/article/add,1476267786,,200
844ea6,127.0.0.1,GET,http://localhost/admin/article/1/edit,1476267786,,500
b2f7b7,127.0.0.1,GET,http://localhost/admin/comment/3/edit,1476267786,,200
a68726,127.0.0.1,GET,http://localhost/admin/user/add,1476267786,,200
c47b8d,127.0.0.1,GET,http://localhost/admin/user/1/edit,1476267786,,200
27fa73,127.0.0.1,GET,http://localhost/api/articles,1476267786,,200
035640,127.0.0.1,GET,http://localhost/api/article/1,1476267786,,200
519fbd,127.0.0.1,GET,http://localhost/,1476267958,,200
cc1c77,127.0.0.1,GET,http://localhost/article/1,1476267958,,200
574636,127.0.0.1,GET,http://localhost/login,1476267958,,200
e1ccf5,127.0.0.1,GET,http://localhost/admin,1476267958,,200
fe0d96,127.0.0.1,GET,http://localhost/admin/article/add,1476267958,,200
ae9ff6,127.0.0.1,GET,http://localhost/admin/article/1/edit,1476267958,,500
2a97b0,127.0.0.1,GET,http://localhost/admin/comment/3/edit,1476267958,,200
02d7e0,127.0.0.1,GET,http://localhost/admin/user/add,1476267958,,200
58fa50,127.0.0.1,GET,http://localhost/api/articles,1476267958,,200
9a46fa,127.0.0.1,GET,http://localhost/api/article/1,1476267958,,200
62ac14,127.0.0.1,GET,http://localhost/,1476274264,,200
d534fc,127.0.0.1,GET,http://localhost/article/1,1476274264,,200
d60860,127.0.0.1,GET,http://localhost/login,1476274264,,200
32ffaa,127.0.0.1,GET,http://localhost/admin,1476274265,,200
d77439,127.0.0.1,GET,http://localhost/admin/article/add,1476274265,,200
4a2709,127.0.0.1,GET,http://localhost/admin/article/1/edit,1476274265,,200
018b74,127.0.0.1,GET,http://localhost/admin/comment/3/edit,1476274265,,200
0beb60,127.0.0.1,GET,http://localhost/admin/user/add,1476274265,,200
92312e,127.0.0.1,GET,http://localhost/admin/user/1/edit,1476274265,,200
797685,127.0.0.1,GET,http://localhost/api/articles,1476274265,,200
cb10d4,127.0.0.1,GET,http://localhost/api/article/1,1476274265,,200
11dd97,127.0.0.1,GET,http://localhost/,1476282387,,200
a5314a,127.0.0.1,GET,http://localhost/article/1,1476282388,,200
1e8f10,127.0.0.1,GET,http://localhost/login,1476282388,,200
f26516,127.0.0.1,GET,http://localhost/admin,1476282388,,200
ce93d5,127.0.0.1,GET,http://localhost/admin/article/add,1476282388,,200
09d97b,127.0.0.1,GET,http://localhost/admin/article/1/edit,1476282388,,500
a6f850,127.0.0.1,GET,http://localhost/admin/user/add,1476282388,,200
79889f,127.0.0.1,GET,http://localhost/admin/user/1/edit,1476282389,,200
e1b944,127.0.0.1,GET,http://localhost/api/articles,1476282389,,200
271c26,127.0.0.1,GET,http://localhost/api/article/1,1476282389,,200
16345e,127.0.0.1,GET,http://localhost/,1476282909,,200
4a01d6,127.0.0.1,GET,http://localhost/article/1,1476282909,,200
e6e639,127.0.0.1,GET,http://localhost/admin,1476282909,,200
464d22,127.0.0.1,GET,http://localhost/admin/article/add,1476282909,,200
cf8c13,127.0.0.1,GET,http://localhost/admin/article/1/edit,1476282909,,500
ec2cc0,127.0.0.1,GET,http://localhost/admin/comment/3/edit,1476282909,,200
dc8c2b,127.0.0.1,GET,http://localhost/admin/user/add,1476282909,,200
343b96,127.0.0.1,GET,http://localhost/admin/user/1/edit,1476282909,,200
bb0e69,127.0.0.1,GET,http://localhost/api/articles,1476282909,,200
5e3202,127.0.0.1,GET,http://localhost/api/article/1,1476282909,,200
aceb19,127.0.0.1,GET,http://localhost/,1476283488,,200
8a51b1,127.0.0.1,GET,http://localhost/article/1,1476283488,,200
789f4d,127.0.0.1,GET,http://localhost/login,1476283488,,200
2f9b67,127.0.0.1,GET,http://localhost/admin,1476283488,,200
2c3865,127.0.0.1,GET,http://localhost/admin/article/add,1476283489,,200
1d310f,127.0.0.1,GET,http://localhost/admin/article/1/edit,1476283489,,500
aee528,127.0.0.1,GET,http://localhost/admin/comment/3/edit,1476283489,,200
c5adff,127.0.0.1,GET,http://localhost/admin/user/add,1476283489,,200
e420b0,127.0.0.1,GET,http://localhost/admin/user/1/edit,1476283489,,200
7c5f49,127.0.0.1,GET,http://localhost/api/articles,1476283489,,200
a4a497,127.0.0.1,GET,http://localhost/api/article/1,1476283489,,200
e0fc1d,127.0.0.1,GET,http://localhost/,1476284886,,200
a61d07,127.0.0.1,GET,http://localhost/article/1,1476284886,,200
672000,127.0.0.1,GET,http://localhost/login,1476284886,,200
d9c625,127.0.0.1,GET,http://localhost/admin,1476284887,,200
03c59d,127.0.0.1,GET,http://localhost/admin/article/add,1476284887,,200
e94040,127.0.0.1,GET,http://localhost/admin/article/1/edit,1476284887,,500
938672,127.0.0.1,GET,http://localhost/admin/comment/3/edit,1476284887,,200
7ba788,127.0.0.1,GET,http://localhost/admin/user/add,1476284887,,200
b41598,127.0.0.1,GET,http://localhost/admin/user/1/edit,1476284887,,200
0fbab4,127.0.0.1,GET,http://localhost/api/articles,1476284887,,200
50e6c5,127.0.0.1,GET,http://localhost/api/article/1,1476284887,,200
71e84c,127.0.0.1,GET,http://localhost/,1476284890,,200
acf110,127.0.0.1,GET,http://localhost/article/1,1476284890,,200
42d310,127.0.0.1,GET,http://localhost/login,1476284890,,200
63032f,127.0.0.1,GET,http://localhost/admin,1476284890,,200
545266,127.0.0.1,GET,http://localhost/admin/article/add,1476284891,,200
534405,127.0.0.1,GET,http://localhost/admin/article/1/edit,1476284891,,500
f1aa1b,127.0.0.1,GET,http://localhost/admin/user/add,1476284891,,200
8991a5,127.0.0.1,GET,http://localhost/admin/user/1/edit,1476284891,,200
1dc6d8,127.0.0.1,GET,http://localhost/api/articles,1476284891,,200
4021f9,127.0.0.1,GET,http://localhost/api/article/1,1476284891,,200
49f733,127.0.0.1,GET,http://localhost/,1476284894,,200
81c3c6,127.0.0.1,GET,http://localhost/login,1476284895,,200
3c715c,127.0.0.1,GET,http://localhost/admin,1476284895,,200
b53ca8,127.0.0.1,GET,http://localhost/admin/article/add,1476284895,,200
3f3f7e,127.0.0.1,GET,http://localhost/admin/article/1/edit,1476284895,,500
5151cd,127.0.0.1,GET,http://localhost/admin/comment/3/edit,1476284895,,200
2936e9,127.0.0.1,GET,http://localhost/admin/user/add,1476284895,,200
7d4917,127.0.0.1,GET,http://localhost/admin/user/1/edit,1476284895,,200
c8b21e,127.0.0.1,GET,http://localhost/api/articles,1476284895,,200
ee21e4,127.0.0.1,GET,http://localhost/api/article/1,1476284895,,200
901247,127.0.0.1,GET,http://localhost/,1476285290,,200
09bac3,127.0.0.1,GET,http://localhost/article/1,1476285290,,200
59f1ee,127.0.0.1,GET,http://localhost/login,1476285290,,200
c68c29,127.0.0.1,GET,http://localhost/admin,1476285290,,200
f8657d,127.0.0.1,GET,http://localhost/admin/article/add,1476285290,,200
e4e450,127.0.0.1,GET,http://localhost/admin/article/1/edit,1476285290,,500
e9d0ea,127.0.0.1,GET,http://localhost/admin/comment/3/edit,1476285290,,200
07c01d,127.0.0.1,GET,http://localhost/admin/user/add,1476285290,,200
7f376c,127.0.0.1,GET,http://localhost/admin/user/1/edit,1476285290,,200
a29b71,127.0.0.1,GET,http://localhost/api/articles,1476285290,,200
936745,127.0.0.1,GET,http://localhost/api/article/1,1476285290,,200
5c1922,127.0.0.1,GET,http://localhost/,1476285618,,200
e8a187,127.0.0.1,GET,http://localhost/article/1,1476285618,,200
db15c0,127.0.0.1,GET,http://localhost/login,1476285618,,200
7492b2,127.0.0.1,GET,http://localhost/admin,1476285618,,200
c4eba8,127.0.0.1,GET,http://localhost/admin/article/add,1476285618,,500
a30563,127.0.0.1,GET,http://localhost/admin/article/1/edit,1476285618,,500
f005a1,127.0.0.1,GET,http://localhost/admin/comment/3/edit,1476285618,,200
c3a55e,127.0.0.1,GET,http://localhost/admin/user/add,1476285618,,200
27e2bf,127.0.0.1,GET,http://localhost/admin/user/1/edit,1476285618,,200
5575c3,127.0.0.1,GET,http://localhost/api/articles,1476285618,,200
a7500d,127.0.0.1,GET,http://localhost/api/article/1,1476285618,,200
e23e5c,127.0.0.1,GET,http://localhost/,1476285791,,200
8a229b,127.0.0.1,GET,http://localhost/article/1,1476285791,,200
0dad8c,127.0.0.1,GET,http://localhost/login,1476285791,,200
7cb780,127.0.0.1,GET,http://localhost/admin,1476285791,,200
92e44c,127.0.0.1,GET,http://localhost/admin/article/add,1476285791,,200
8eaa3e,127.0.0.1,GET,http://localhost/admin/article/1/edit,1476285791,,200
690bff,127.0.0.1,GET,http://localhost/admin/comment/3/edit,1476285791,,200
641d44,127.0.0.1,GET,http://localhost/admin/user/add,1476285791,,200
162718,127.0.0.1,GET,http://localhost/admin/user/1/edit,1476285791,,200
eef8aa,127.0.0.1,GET,http://localhost/api/articles,1476285791,,200
130aee,127.0.0.1,GET,http://localhost/api/article/1,1476285791,,200
dd81c1,127.0.0.1,GET,http://localhost/,1476344254,,200
98b438,127.0.0.1,GET,http://localhost/article/1,1476344254,,200
9cdfa4,127.0.0.1,GET,http://localhost/login,1476344254,,200
161bf3,127.0.0.1,GET,http://localhost/admin/article/add,1476344254,,200
89420c,127.0.0.1,GET,http://localhost/admin/article/1/edit,1476344254,,200
4025a0,127.0.0.1,GET,http://localhost/admin/comment/3/edit,1476344254,,200
99524a,127.0.0.1,GET,http://localhost/admin/user/add,1476344254,,200
a23954,127.0.0.1,GET,http://localhost/admin/user/1/edit,1476344255,,200
72bdce,127.0.0.1,GET,http://localhost/api/articles,1476344255,,200
7f18d5,127.0.0.1,GET,http://localhost/api/article/1,1476344255,,200
e8632c,127.0.0.1,GET,http://localhost/,1476345388,,200
31ea39,127.0.0.1,GET,http://localhost/article/1,1476345388,,200
0215b8,127.0.0.1,GET,http://localhost/login,1476345388,,200
11ad91,127.0.0.1,GET,http://localhost/admin,1476345388,,200
040ee4,127.0.0.1,GET,http://localhost/admin/article/add,1476345388,,500
9414b6,127.0.0.1,GET,http://localhost/admin/article/1/edit,1476345388,,500
c24ed4,127.0.0.1,GET,http://localhost/admin/comment/3/edit,1476345388,,200
3ef9a3,127.0.0.1,GET,http://localhost/admin/user/add,1476345389,,200
dbcb47,127.0.0.1,GET,http://localhost/admin/user/1/edit,1476345389,,200
633f7f,127.0.0.1,GET,http://localhost/api/articles,1476345389,,200
78ac42,127.0.0.1,GET,http://localhost/api/article/1,1476345389,,200
dc5449,127.0.0.1,GET,http://localhost/,1476345406,,200
91ad2d,127.0.0.1,GET,http://localhost/article/1,1476345406,,200
72a646,127.0.0.1,GET,http://localhost/login,1476345406,,200
b53442,127.0.0.1,GET,http://localhost/admin,1476345406,,200
b549bd,127.0.0.1,GET,http://localhost/admin/article/1/edit,1476345406,,200
3f606a,127.0.0.1,GET,http://localhost/admin/comment/3/edit,1476345406,,200
49c63d,127.0.0.1,GET,http://localhost/admin/user/add,1476345406,,200
2f605f,127.0.0.1,GET,http://localhost/admin/user/1/edit,1476345406,,200
8eaa1e,127.0.0.1,GET,http://localhost/api/article/1,1476345407,,200
05c066,127.0.0.1,GET,http://localhost/,1476345677,,200
526869,127.0.0.1,GET,http://localhost/article/1,1476345677,,200
e4a115,127.0.0.1,GET,http://localhost/login,1476345678,,200
beb14c,127.0.0.1,GET,http://localhost/admin,1476345678,,200
ef3b0c,127.0.0.1,GET,http://localhost/admin/article/add,1476345678,,200
2a7c60,127.0.0.1,GET,http://localhost/admin/article/1/edit,1476345678,,200
e92380,127.0.0.1,GET,http://localhost/admin/comment/3/edit,1476345678,,200
9ea939,127.0.0.1,GET,http://localhost/admin/user/1/edit,1476345678,,200
701d13,127.0.0.1,GET,http://localhost/api/articles,1476345678,,200
e26974,127.0.0.1,GET,http://localhost/api/article/1,1476345678,,200
207866,127.0.0.1,GET,http://localhost/,1476345851,,200
3c1081,127.0.0.1,GET,http://localhost/admin,1476345851,,200
38ec34,127.0.0.1,GET,http://localhost/admin/article/add,1476345851,,200
cb4bda,127.0.0.1,GET,http://localhost/admin/comment/3/edit,1476345851,,200
f5a776,127.0.0.1,GET,http://localhost/admin/user/add,1476345851,,200
ddd8ff,127.0.0.1,GET,http://localhost/admin/user/1/edit,1476345851,,200
9df11d,127.0.0.1,GET,http://localhost/api/articles,1476345851,,200
32b1b0,127.0.0.1,GET,http://localhost/api/article/1,1476345851,,200
184e28,127.0.0.1,GET,http://localhost/,1476346064,,500
2844c1,127.0.0.1,GET,http://localhost/article/1,1476346064,,500
61a66e,127.0.0.1,GET,http://localhost/login,1476346064,,200
43ad00,127.0.0.1,GET,http://localhost/admin,1476346064,,500
338a7b,127.0.0.1,GET,http://localhost/admin/article/add,1476346064,,200
d187fe,127.0.0.1,GET,http://localhost/admin/article/1/edit,1476346064,,500
bcdd2f,127.0.0.1,GET,http://localhost/admin/comment/3/edit,1476346064,,500
83512a,127.0.0.1,GET,http://localhost/admin/user/add,1476346064,,200
06f99d,127.0.0.1,GET,http://localhost/admin/user/1/edit,1476346064,,200
0e35c8,127.0.0.1,GET,http://localhost/api/article/1,1476346064,,500
0b707a,127.0.0.1,GET,http://localhost/login,1476346081,,200
4e2538,127.0.0.1,GET,http://localhost/admin/user/add,1476346081,,200
7f2752,127.0.0.1,GET,http://localhost/admin/user/1/edit,1476346081,,200
e310ed,127.0.0.1,GET,http://localhost/admin/user/add,1476346108,,200
4d291c,127.0.0.1,GET,http://localhost/admin/user/1/edit,1476346108,,200
3dac7d,127.0.0.1,GET,http://localhost/,1476346171,,200
4102b1,127.0.0.1,GET,http://localhost/article/1,1476346172,,200
21bcf8,127.0.0.1,GET,http://localhost/login,1476346172,,200
12dd92,127.0.0.1,GET,http://localhost/admin,1476346172,,200
5a2f17,127.0.0.1,GET,http://localhost/admin/article/add,1476346172,,200
1692a5,127.0.0.1,GET,http://localhost/admin/article/1/edit,1476346172,,200
8bb0a5,127.0.0.1,GET,http://localhost/admin/comment/3/edit,1476346172,,200
cdcca6,127.0.0.1,GET,http://localhost/admin/user/add,1476346172,,200
723ca0,127.0.0.1,GET,http://localhost/admin/user/1/edit,1476346172,,200
4ec973,127.0.0.1,GET,http://localhost/api/articles,1476346172,,200
fdb7b0,127.0.0.1,GET,http://localhost/login,1476346207,,200
5b45e4,127.0.0.1,GET,http://localhost/admin/article/add,1476346207,,200
325cf6,127.0.0.1,GET,http://localhost/admin/user/add,1476346207,,200
dca258,127.0.0.1,GET,http://localhost/admin/user/1/edit,1476346207,,200
3fb52f,127.0.0.1,GET,http://localhost/admin,1476351873,,200
0b964d,127.0.0.1,GET,http://localhost/admin/article/add,1476351873,,200
691c9b,127.0.0.1,GET,http://localhost/admin/article/1/edit,1476351873,,200
4dfcfa,127.0.0.1,GET,http://localhost/admin/comment/3/edit,1476351873,,200
12c357,127.0.0.1,GET,http://localhost/admin/user/add,1476351873,,200
dad358,127.0.0.1,GET,http://localhost/admin/user/1/edit,1476351873,,200
62e21d,127.0.0.1,GET,http://localhost/api/article/1,1476351873,,200
2770de,127.0.0.1,GET,http://cmsyouness/login,1476353025,,500
6d67cd,127.0.0.1,GET,http://cmsyouness/inscription,1476353215,,200
4ac0b9,127.0.0.1,POST,http://cmsyouness/inscription,1476353240,,405
180e1c,127.0.0.1,GET,http://cmsyouness/inscription,1476353371,,200
449872,127.0.0.1,GET,http://cmsyouness/login,1476353374,,200
ee684e,127.0.0.1,GET,http://cmsyouness/inscription,1476353378,,200
d8fc20,127.0.0.1,POST,http://cmsyouness/inscription,1476353390,,405
13992f,127.0.0.1,GET,http://cmsyouness/,1476353687,,200
a27868,127.0.0.1,GET,http://cmsyouness/inscription,1476353692,,200
61e40a,127.0.0.1,GET,http://cmsyouness/login,1476353695,,200
87a089,127.0.0.1,GET,http://cmsyouness/login,1476353715,,200
bc3e5e,127.0.0.1,GET,http://cmsyouness/inscription,1476353719,,500
203eea,127.0.0.1,GET,http://cmsyouness/inscription,1476353721,,500
81d1db,127.0.0.1,GET,http://cmsyouness/inscription,1476353760,,500
11a2a3,127.0.0.1,GET,http://cmsyouness/inscription,1476353762,,500
f96348,127.0.0.1,GET,http://cmsyouness/inscription,1476353770,,200
ca05d1,127.0.0.1,GET,http://cmsyouness/inscription,1476353785,,500
6d51c5,127.0.0.1,GET,http://cmsyouness/inscription,1476353786,,500
5086e7,127.0.0.1,GET,http://cmsyouness/inscription,1476353859,,200
b53435,127.0.0.1,GET,http://cmsyouness/inscription,1476353876,,200
58b4c4,127.0.0.1,GET,http://cmsyouness/inscription,1476354060,,200
9c1e6c,127.0.0.1,GET,http://cmsyouness/login,1476354063,,200
9cf764,127.0.0.1,POST,http://cmsyouness/login_check,1476354071,,302
3ce021,127.0.0.1,GET,http://cmsyouness/,1476354071,,200
a464e3,127.0.0.1,GET,http://cmsyouness/admin,1476354083,,200
a26fa1,127.0.0.1,GET,http://cmsyouness/admin,1476354180,,200
66796a,127.0.0.1,GET,http://cmsyouness/admin,1476354192,,200
887b74,127.0.0.1,GET,http://cmsyouness/admin,1476354206,,200
b31a6a,127.0.0.1,GET,http://cmsyouness/admin,1476354208,,200
0a51ea,127.0.0.1,GET,http://cmsyouness/admin,1476354218,,200
d92241,127.0.0.1,GET,http://cmsyouness/article/11,1476354223,,200
111abe,127.0.0.1,GET,http://cmsyouness/,1476354226,,200
9a7990,127.0.0.1,GET,http://cmsyouness/admin,1476354228,,200
59617c,127.0.0.1,GET,http://cmsyouness/admin/article/11/edit,1476354231,,200
2f8474,127.0.0.1,GET,http://cmsyouness/admin,1476354234,,200
788016,127.0.0.1,GET,http://cmsyouness/admin/article/add,1476354237,,200
ac087b,127.0.0.1,GET,http://cmsyouness/admin,1476354239,,200
18ef83,127.0.0.1,GET,http://cmsyouness/admin/comment/9/edit,1476354243,,200
9a301f,127.0.0.1,GET,http://cmsyouness/admin,1476354246,,200
a63ea8,127.0.0.1,GET,http://cmsyouness/admin/user/add,1476354254,,200
07081f,127.0.0.1,GET,http://cmsyouness/admin,1476354256,,200
825f54,127.0.0.1,GET,http://cmsyouness/,1476354259,,200
8f480e,127.0.0.1,GET,http://cmsyouness/,1476354388,,200
e7eff6,127.0.0.1,GET,http://cmsyouness/,1476354459,,200
18818d,127.0.0.1,GET,http://cmsyouness/article/9,1476359785,,200
50761b,127.0.0.1,GET,http://cmsyouness/logout,1476359796,,302
02164c,127.0.0.1,GET,http://cmsyouness/,1476359796,,200
e89724,127.0.0.1,GET,http://cmsyouness/inscription,1476359800,,200
a82427,127.0.0.1,GET,http://localhost/,1476359819,,200
c69478,127.0.0.1,GET,http://localhost/article/1,1476359820,,200
222c3f,127.0.0.1,GET,http://localhost/login,1476359820,,200
7a67a6,127.0.0.1,GET,http://localhost/admin,1476359820,,200
c1deff,127.0.0.1,GET,http://localhost/admin/article/add,1476359820,,200
c795fb,127.0.0.1,GET,http://localhost/admin/article/1/edit,1476359820,,200
b086f2,127.0.0.1,GET,http://localhost/admin/comment/3/edit,1476359820,,200
33a426,127.0.0.1,GET,http://localhost/admin/user/add,1476359820,,200
651dcd,127.0.0.1,GET,http://localhost/admin/user/1/edit,1476359820,,200
278652,127.0.0.1,GET,http://localhost/api/articles,1476359820,,200
e51cba,127.0.0.1,GET,http://localhost/api/article/1,1476359820,,200
